{
  "class_name_to_id": {
    "sky": 1,
    "road": 2,
    "massif": 3,
    "rut": 4,
    "curb": 5,
    "brushwood": 6,
    "mining_truck": 7,
    "mollisoil": 8,
    "gravel": 9,
    "puddle": 10,
    "electric_shovel": 11,
    "road test equipment": 12,
    "engineering vehicle": 13,
    "pushdozer": 14,
    "truck": 15,
    "car": 16,
    "mound": 17,
    "vegetation": 18,
    "blocking_stone": 19,
    "excavator": 20,
    "constrcution": 21,
    "traffic cone": 22,
    "fence": 23,
    "road_sign": 24,
    "cabel": 25,
    "conmunication pole": 26,
    "telegraph pole": 27,
    "watering car": 28,
    "oil truck": 29,
    "human": 30,
    "wide_body_truck": 31,
    "bus": 32
  },
  "thing_classes": [
    "mining_truck",
    "electric_shovel",
    "engineering vehicle",
    "pushdozer",
    "truck",
    "car",
    "excavator",
    "traffic cone",
    "bus",
    "oil truck",
    "watering car",
    "wide_body_truck",
    "human"
  ],
  "category_base_colors": {
    "1": [135,206,235],
    "2": [128,64,128],
    "3": [160,160,160],
    "4": [110,110,110],
    "5": [244,35,232],
    "6": [107,142,35],
    "7": [180,0,0],
    "8": [150,120,90],
    "9": [120,120,120],
    "10": [70,130,180],
    "11": [255,140,0],
    "12": [255,215,0],
    "13": [255,99,71],
    "14": [178,34,34],
    "15": [220,20,60],
    "16": [255,0,0],
    "17": [139,69,19],
    "18": [0,128,0],
    "19": [105,105,105],
    "20": [255,165,0],
    "21": [169,169,169],
    "22": [255,255,0],
    "23": [184,134,11],
    "24": [0,0,255],
    "25": [255,255,255],
    "26": [160,82,45],
    "27": [139,69,19],
    "28": [0,191,255],
    "29": [128,0,128],
    "30": [0,0,142],
    "31": [0,64,128],
    "32": [0,60,100]
  },
  "SAM_model": "./weights/FastSAM-x.pt",
  "camera": {
    "width": 2048,
    "height": 1536,
    "K": [
      [1193.7613309605542, 0.0, 1019.4029813653916],
      [0.0, 1191.5502806673906, 794.7165379923136],
      [0.0, 0.0, 1.0]
    ],
    "T_LIDAR_TO_CAM": [
      [-0.00533616, -0.999986, 0.00064036, 0.504211],
      [0.0342852, -0.00082295, -0.999412, -0.118845],
      [0.999398, -0.00531107, 0.0342891, -0.105546],
      [0, 0, 0, 1]
    ]
  },
  "IS_KITTI": false,
  "CHUNKS_NUMBER":20
}

